{"cameraMode":{"drawMode":0,"name":"Shaded","section":"Shading Mode"},"sceneLighting":false,"audioPlay":false,"sceneViewState":{"showFog":true,"showMaterialUpdate":true,"showSkybox":true,"showFlares":true,"showImageEffects":true,"showParticleSystems":true},"in2DMode":false,"pivot":{"x":-476.0373229980469,"y":2.50396728515625,"z":-307.1722717285156},"rotation":{"x":-0.1361488252878189,"y":0.8585625886917114,"z":-0.29437658190727236,"w":-0.3970847427845001},"size":753.2066650390625,"orthographic":false}